/*M!999999\- enable the sandbox mode */ 
-- MariaDB dump 10.19-11.7.2-MariaDB, for Win64 (AMD64)
--
-- Host: 127.0.0.1    Database: grupo15
-- ------------------------------------------------------
-- Server version	12.2.2-MariaDB

/*!40101 SET @OLD_CHARACTER_SET_CLIENT=@@CHARACTER_SET_CLIENT */;
/*!40101 SET @OLD_CHARACTER_SET_RESULTS=@@CHARACTER_SET_RESULTS */;
/*!40101 SET @OLD_COLLATION_CONNECTION=@@COLLATION_CONNECTION */;
/*!40101 SET NAMES utf8mb4 */;
/*!40103 SET @OLD_TIME_ZONE=@@TIME_ZONE */;
/*!40103 SET TIME_ZONE='+00:00' */;
/*!40014 SET @OLD_UNIQUE_CHECKS=@@UNIQUE_CHECKS, UNIQUE_CHECKS=0 */;
/*!40014 SET @OLD_FOREIGN_KEY_CHECKS=@@FOREIGN_KEY_CHECKS, FOREIGN_KEY_CHECKS=0 */;
/*!40101 SET @OLD_SQL_MODE=@@SQL_MODE, SQL_MODE='NO_AUTO_VALUE_ON_ZERO' */;
/*M!100616 SET @OLD_NOTE_VERBOSITY=@@NOTE_VERBOSITY, NOTE_VERBOSITY=0 */;

--
-- Table structure for table `cache`
--

DROP TABLE IF EXISTS `cache`;
/*!40101 SET @saved_cs_client     = @@character_set_client */;
/*!40101 SET character_set_client = utf8mb4 */;
CREATE TABLE `cache` (
  `key` varchar(255) NOT NULL,
  `value` mediumtext NOT NULL,
  `expiration` bigint(20) NOT NULL,
  PRIMARY KEY (`key`),
  KEY `cache_expiration_index` (`expiration`)
) ENGINE=InnoDB DEFAULT CHARSET=utf8mb4 COLLATE=utf8mb4_unicode_ci;
/*!40101 SET character_set_client = @saved_cs_client */;

--
-- Dumping data for table `cache`
--

LOCK TABLES `cache` WRITE;
/*!40000 ALTER TABLE `cache` DISABLE KEYS */;
/*!40000 ALTER TABLE `cache` ENABLE KEYS */;
UNLOCK TABLES;

--
-- Table structure for table `cache_locks`
--

DROP TABLE IF EXISTS `cache_locks`;
/*!40101 SET @saved_cs_client     = @@character_set_client */;
/*!40101 SET character_set_client = utf8mb4 */;
CREATE TABLE `cache_locks` (
  `key` varchar(255) NOT NULL,
  `owner` varchar(255) NOT NULL,
  `expiration` bigint(20) NOT NULL,
  PRIMARY KEY (`key`),
  KEY `cache_locks_expiration_index` (`expiration`)
) ENGINE=InnoDB DEFAULT CHARSET=utf8mb4 COLLATE=utf8mb4_unicode_ci;
/*!40101 SET character_set_client = @saved_cs_client */;

--
-- Dumping data for table `cache_locks`
--

LOCK TABLES `cache_locks` WRITE;
/*!40000 ALTER TABLE `cache_locks` DISABLE KEYS */;
/*!40000 ALTER TABLE `cache_locks` ENABLE KEYS */;
UNLOCK TABLES;

--
-- Table structure for table `categorias`
--

DROP TABLE IF EXISTS `categorias`;
/*!40101 SET @saved_cs_client     = @@character_set_client */;
/*!40101 SET character_set_client = utf8mb4 */;
CREATE TABLE `categorias` (
  `id` bigint(20) unsigned NOT NULL AUTO_INCREMENT,
  `nombre` varchar(255) NOT NULL,
  `created_at` timestamp NULL DEFAULT NULL,
  `updated_at` timestamp NULL DEFAULT NULL,
  PRIMARY KEY (`id`),
  UNIQUE KEY `categorias_nombre_unique` (`nombre`)
) ENGINE=InnoDB AUTO_INCREMENT=5 DEFAULT CHARSET=utf8mb4 COLLATE=utf8mb4_unicode_ci;
/*!40101 SET character_set_client = @saved_cs_client */;

--
-- Dumping data for table `categorias`
--

LOCK TABLES `categorias` WRITE;
/*!40000 ALTER TABLE `categorias` DISABLE KEYS */;
INSERT INTO `categorias` VALUES
(1,'Aumento de masa muscular',NULL,NULL),
(2,'DefiniciĂłn / Quemar grasa',NULL,NULL),
(3,'Salud y vitalidad',NULL,NULL),
(4,'Accesorios',NULL,NULL);
/*!40000 ALTER TABLE `categorias` ENABLE KEYS */;
UNLOCK TABLES;

--
-- Table structure for table `consultas`
--

DROP TABLE IF EXISTS `consultas`;
/*!40101 SET @saved_cs_client     = @@character_set_client */;
/*!40101 SET character_set_client = utf8mb4 */;
CREATE TABLE `consultas` (
  `id` bigint(20) unsigned NOT NULL AUTO_INCREMENT,
  `nombre` varchar(255) NOT NULL,
  `email` varchar(255) NOT NULL,
  `asunto` varchar(255) NOT NULL,
  `mensaje` text NOT NULL,
  `estado` varchar(255) NOT NULL DEFAULT 'pendiente',
  `created_at` timestamp NULL DEFAULT NULL,
  `updated_at` timestamp NULL DEFAULT NULL,
  PRIMARY KEY (`id`)
) ENGINE=InnoDB AUTO_INCREMENT=3 DEFAULT CHARSET=utf8mb4 COLLATE=utf8mb4_unicode_ci;
/*!40101 SET character_set_client = @saved_cs_client */;

--
-- Dumping data for table `consultas`
--

LOCK TABLES `consultas` WRITE;
/*!40000 ALTER TABLE `consultas` DISABLE KEYS */;
INSERT INTO `consultas` VALUES
(1,'macarena benitez','bmacarenasolange@gmail.com','compra','hola, me gustaria realizar una compra','vista','2026-06-04 05:16:33','2026-06-05 02:34:21'),
(2,'Ramon Gomez','ramon@gmail.com','reclamo','buenas tardes, me gustaria hacer un reclamo de un producto que me llego en mal estado.','respondida','2026-06-05 21:25:21','2026-06-05 22:05:11');
/*!40000 ALTER TABLE `consultas` ENABLE KEYS */;
UNLOCK TABLES;

--
-- Table structure for table `failed_jobs`
--

DROP TABLE IF EXISTS `failed_jobs`;
/*!40101 SET @saved_cs_client     = @@character_set_client */;
/*!40101 SET character_set_client = utf8mb4 */;
CREATE TABLE `failed_jobs` (
  `id` bigint(20) unsigned NOT NULL AUTO_INCREMENT,
  `uuid` varchar(255) NOT NULL,
  `connection` text NOT NULL,
  `queue` text NOT NULL,
  `payload` longtext NOT NULL,
  `exception` longtext NOT NULL,
  `failed_at` timestamp NOT NULL DEFAULT current_timestamp(),
  PRIMARY KEY (`id`),
  UNIQUE KEY `failed_jobs_uuid_unique` (`uuid`)
) ENGINE=InnoDB DEFAULT CHARSET=utf8mb4 COLLATE=utf8mb4_unicode_ci;
/*!40101 SET character_set_client = @saved_cs_client */;

--
-- Dumping data for table `failed_jobs`
--

LOCK TABLES `failed_jobs` WRITE;
/*!40000 ALTER TABLE `failed_jobs` DISABLE KEYS */;
/*!40000 ALTER TABLE `failed_jobs` ENABLE KEYS */;
UNLOCK TABLES;

--
-- Table structure for table `job_batches`
--

DROP TABLE IF EXISTS `job_batches`;
/*!40101 SET @saved_cs_client     = @@character_set_client */;
/*!40101 SET character_set_client = utf8mb4 */;
CREATE TABLE `job_batches` (
  `id` varchar(255) NOT NULL,
  `name` varchar(255) NOT NULL,
  `total_jobs` int(11) NOT NULL,
  `pending_jobs` int(11) NOT NULL,
  `failed_jobs` int(11) NOT NULL,
  `failed_job_ids` longtext NOT NULL,
  `options` mediumtext DEFAULT NULL,
  `cancelled_at` int(11) DEFAULT NULL,
  `created_at` int(11) NOT NULL,
  `finished_at` int(11) DEFAULT NULL,
  PRIMARY KEY (`id`)
) ENGINE=InnoDB DEFAULT CHARSET=utf8mb4 COLLATE=utf8mb4_unicode_ci;
/*!40101 SET character_set_client = @saved_cs_client */;

--
-- Dumping data for table `job_batches`
--

LOCK TABLES `job_batches` WRITE;
/*!40000 ALTER TABLE `job_batches` DISABLE KEYS */;
/*!40000 ALTER TABLE `job_batches` ENABLE KEYS */;
UNLOCK TABLES;

--
-- Table structure for table `jobs`
--

DROP TABLE IF EXISTS `jobs`;
/*!40101 SET @saved_cs_client     = @@character_set_client */;
/*!40101 SET character_set_client = utf8mb4 */;
CREATE TABLE `jobs` (
  `id` bigint(20) unsigned NOT NULL AUTO_INCREMENT,
  `queue` varchar(255) NOT NULL,
  `payload` longtext NOT NULL,
  `attempts` tinyint(3) unsigned NOT NULL,
  `reserved_at` int(10) unsigned DEFAULT NULL,
  `available_at` int(10) unsigned NOT NULL,
  `created_at` int(10) unsigned NOT NULL,
  PRIMARY KEY (`id`),
  KEY `jobs_queue_index` (`queue`)
) ENGINE=InnoDB DEFAULT CHARSET=utf8mb4 COLLATE=utf8mb4_unicode_ci;
/*!40101 SET character_set_client = @saved_cs_client */;

--
-- Dumping data for table `jobs`
--

LOCK TABLES `jobs` WRITE;
/*!40000 ALTER TABLE `jobs` DISABLE KEYS */;
/*!40000 ALTER TABLE `jobs` ENABLE KEYS */;
UNLOCK TABLES;

--
-- Table structure for table `migrations`
--

DROP TABLE IF EXISTS `migrations`;
/*!40101 SET @saved_cs_client     = @@character_set_client */;
/*!40101 SET character_set_client = utf8mb4 */;
CREATE TABLE `migrations` (
  `id` int(10) unsigned NOT NULL AUTO_INCREMENT,
  `migration` varchar(255) NOT NULL,
  `batch` int(11) NOT NULL,
  PRIMARY KEY (`id`)
) ENGINE=InnoDB AUTO_INCREMENT=11 DEFAULT CHARSET=utf8mb4 COLLATE=utf8mb4_unicode_ci;
/*!40101 SET character_set_client = @saved_cs_client */;

--
-- Dumping data for table `migrations`
--

LOCK TABLES `migrations` WRITE;
/*!40000 ALTER TABLE `migrations` DISABLE KEYS */;
INSERT INTO `migrations` VALUES
(1,'0001_01_01_000000_create_users_table',1),
(2,'0001_01_01_000001_create_cache_table',1),
(3,'0001_01_01_000002_create_jobs_table',1),
(4,'2026_05_15_192458_create_roles_table',1),
(5,'2026_05_15_192559_create_usuarios_table',1),
(6,'2026_06_03_180000_create_categorias_table',1),
(7,'2026_06_03_184640_create_productos_table',1),
(8,'2026_06_04_010453_create_consultas_table',2),
(9,'2026_06_05_143044_create_ventas_cabecera_table',3),
(10,'2026_06_05_143118_create_ventas_detalle_table',3);
/*!40000 ALTER TABLE `migrations` ENABLE KEYS */;
UNLOCK TABLES;

--
-- Table structure for table `password_reset_tokens`
--

DROP TABLE IF EXISTS `password_reset_tokens`;
/*!40101 SET @saved_cs_client     = @@character_set_client */;
/*!40101 SET character_set_client = utf8mb4 */;
CREATE TABLE `password_reset_tokens` (
  `email` varchar(255) NOT NULL,
  `token` varchar(255) NOT NULL,
  `created_at` timestamp NULL DEFAULT NULL,
  PRIMARY KEY (`email`)
) ENGINE=InnoDB DEFAULT CHARSET=utf8mb4 COLLATE=utf8mb4_unicode_ci;
/*!40101 SET character_set_client = @saved_cs_client */;

--
-- Dumping data for table `password_reset_tokens`
--

LOCK TABLES `password_reset_tokens` WRITE;
/*!40000 ALTER TABLE `password_reset_tokens` DISABLE KEYS */;
/*!40000 ALTER TABLE `password_reset_tokens` ENABLE KEYS */;
UNLOCK TABLES;

--
-- Table structure for table `productos`
--

DROP TABLE IF EXISTS `productos`;
/*!40101 SET @saved_cs_client     = @@character_set_client */;
/*!40101 SET character_set_client = utf8mb4 */;
CREATE TABLE `productos` (
  `id` bigint(20) unsigned NOT NULL AUTO_INCREMENT,
  `nombre` varchar(150) NOT NULL,
  `descripcion` text DEFAULT NULL,
  `precio` decimal(10,2) NOT NULL,
  `stock` int(11) NOT NULL DEFAULT 0,
  `url_imagen` varchar(255) DEFAULT NULL,
  `activo` tinyint(1) NOT NULL DEFAULT 1,
  `categoria_id` bigint(20) unsigned NOT NULL,
  `created_at` timestamp NULL DEFAULT NULL,
  `updated_at` timestamp NULL DEFAULT NULL,
  PRIMARY KEY (`id`),
  KEY `productos_categoria_id_foreign` (`categoria_id`),
  CONSTRAINT `productos_categoria_id_foreign` FOREIGN KEY (`categoria_id`) REFERENCES `categorias` (`id`) ON DELETE CASCADE
) ENGINE=InnoDB AUTO_INCREMENT=18 DEFAULT CHARSET=utf8mb4 COLLATE=utf8mb4_unicode_ci;
/*!40101 SET character_set_client = @saved_cs_client */;

--
-- Dumping data for table `productos`
--

LOCK TABLES `productos` WRITE;
/*!40000 ALTER TABLE `productos` DISABLE KEYS */;
INSERT INTO `productos` VALUES
(1,'WHEY PROTEIN DOYPACK - 2 LBS STAR NUTRITION',NULL,45000.00,7,'productos/YxjNsap5xBgxDHq4aK8orqpTC5719AlOmgk7WHK0.webp',1,1,'2026-06-18 04:12:31','2026-06-18 06:36:49'),
(2,'WHEY PLATINUM 2LB - STAR NUTRITION',NULL,50000.00,5,'productos/etJuYsPrXWbLfN41JmCbGIBs2Qbn2733v2a4WMbB.jpg',1,1,'2026-06-18 06:39:35','2026-06-18 06:39:35'),
(3,'PROTEINA 100% GOLD STANDARD WHEY - OPTIMUM NUTRITION',NULL,85000.00,8,'productos/dcrtBu4P8hg2CNGPSmyJw4CGCTK7p7JP4QUCwKDL.jpg',1,1,'2026-06-18 06:42:14','2026-06-18 06:42:14'),
(4,'WHEY PROTEIN BODY ADVANCE - 907 GRS',NULL,25449.00,3,'productos/7bJwMaiD2cr2FaJBWilwdJfefo0yrZCYTrOSKraH.webp',1,1,'2026-06-18 06:43:29','2026-06-18 06:43:29'),
(5,'RIPPED X ENA - 60 COMPRIMIDOS',NULL,12897.00,9,'productos/GsAmIKQ5DM0jqK9aUsdM8DEHw5nxJyoflh0Nvkyo.webp',1,2,'2026-06-18 06:44:24','2026-06-18 06:44:24'),
(6,'CARNITINA 600 NUTREMAX - 90 COMPRIMIDOS',NULL,18550.00,12,'productos/ML5GmjGOAtA6NjRapCmReC8Qgzud1Zd7iDCTd27x.webp',1,2,'2026-06-18 06:45:46','2026-06-18 06:45:46'),
(7,'LOSS WEIGHT - 120 COMPRIMIDOS - HOCH SPORT',NULL,37202.00,6,'productos/zZw99NZZMRSEuh9CGiD7cleYb7yO7tLqkIzwq5Ie.webp',1,2,'2026-06-18 06:46:28','2026-06-18 06:46:28'),
(8,'LIPOXTREME 60 COMPRIMIDOS - BODY ADVANCE',NULL,7324.00,10,'productos/7j4VByexnQFyCLT2ng2qDSSlAuHrjBCLVgKLZA3Y.webp',1,2,'2026-06-18 06:47:19','2026-06-18 06:47:19'),
(9,'STRAP NEGRO',NULL,45000.00,10,'productos/J2EWF0YkTY9yWktZ0XoZcfsj4Oqv8o0O0qGRUTzo.jpg',1,4,'2026-06-18 06:48:09','2026-06-18 06:48:09'),
(10,'GUANTE DEPORTIVO',NULL,12500.00,4,'productos/h4AJlC2lsLE6A2FXjgFnF5x5bZJh47t4WA7Pj6I4.jpg',1,4,'2026-06-18 06:48:43','2026-06-18 06:48:43'),
(11,'TOBILLERA PARA POLEA',NULL,19950.00,5,'productos/f5u60ikZKPGoLx3z2EF6RQWZgRM9qBzgjQ9Y6aXS.jpg',1,4,'2026-06-18 06:49:14','2026-06-18 06:49:14'),
(12,'TOBILLERAS NEOPRENE',NULL,23340.00,7,'productos/IPPi1FTC0sdu8H1KoxEXIPbEqvKmLV52lfNzWDAn.webp',1,4,'2026-06-18 06:49:51','2026-06-18 06:49:51'),
(13,'PANCAKE PROTEICO GRANGER',NULL,17962.00,15,'productos/ZjLUCItYIe9nnDkagZ6juR7n4ORoRUtKNnwp2JQs.webp',1,3,'2026-06-18 06:51:49','2026-06-18 06:51:49'),
(14,'CUPCAKE PROTEICO GRANGER',NULL,16421.00,8,'productos/xEqOASGodrwZzJg3X8WymJ0fBDPogoq3n6h5rJ2m.webp',1,3,'2026-06-18 06:52:25','2026-06-18 06:52:25'),
(15,'CHIA PUDDING PROTEICO',NULL,12940.00,2,'productos/FafdiixyNviPYsSC8FGEdrjnHXlW3cc3JCwXz3Z5.webp',1,3,'2026-06-18 06:53:13','2026-06-18 06:53:13'),
(16,'VITAMINA C BODY ADVANCE',NULL,14000.00,4,'productos/3tTRvUnEy0H24iYM03ZtYb8XA4hPjVFGdwctbw53.webp',1,3,'2026-06-18 06:54:19','2026-06-18 06:54:19'),
(17,'COLAGENO HIDROLIZADO 360G - ENA',NULL,30185.00,3,'productos/AvWbIbEpZz1INxlY3ngHww60djOHDlyJIPjcHVWw.jpg',1,3,'2026-06-18 06:55:12','2026-06-18 06:55:12');
/*!40000 ALTER TABLE `productos` ENABLE KEYS */;
UNLOCK TABLES;

--
-- Table structure for table `roles`
--

DROP TABLE IF EXISTS `roles`;
/*!40101 SET @saved_cs_client     = @@character_set_client */;
/*!40101 SET character_set_client = utf8mb4 */;
CREATE TABLE `roles` (
  `id` bigint(20) unsigned NOT NULL AUTO_INCREMENT,
  `nombre` varchar(255) NOT NULL,
  `descripcion` varchar(255) DEFAULT NULL,
  `created_at` timestamp NULL DEFAULT NULL,
  `updated_at` timestamp NULL DEFAULT NULL,
  `deleted_at` timestamp NULL DEFAULT NULL,
  PRIMARY KEY (`id`),
  UNIQUE KEY `roles_nombre_unique` (`nombre`)
) ENGINE=InnoDB AUTO_INCREMENT=3 DEFAULT CHARSET=utf8mb4 COLLATE=utf8mb4_unicode_ci;
/*!40101 SET character_set_client = @saved_cs_client */;

--
-- Dumping data for table `roles`
--

LOCK TABLES `roles` WRITE;
/*!40000 ALTER TABLE `roles` DISABLE KEYS */;
INSERT INTO `roles` VALUES
(1,'admin','Administrador','2026-06-05 01:09:28','2026-06-05 01:09:28',NULL),
(2,'cliente','Cliente','2026-06-05 01:09:28','2026-06-05 01:09:28',NULL);
/*!40000 ALTER TABLE `roles` ENABLE KEYS */;
UNLOCK TABLES;

--
-- Table structure for table `sessions`
--

DROP TABLE IF EXISTS `sessions`;
/*!40101 SET @saved_cs_client     = @@character_set_client */;
/*!40101 SET character_set_client = utf8mb4 */;
CREATE TABLE `sessions` (
  `id` varchar(255) NOT NULL,
  `user_id` bigint(20) unsigned DEFAULT NULL,
  `ip_address` varchar(45) DEFAULT NULL,
  `user_agent` text DEFAULT NULL,
  `payload` longtext NOT NULL,
  `last_activity` int(11) NOT NULL,
  PRIMARY KEY (`id`),
  KEY `sessions_user_id_index` (`user_id`),
  KEY `sessions_last_activity_index` (`last_activity`)
) ENGINE=InnoDB DEFAULT CHARSET=utf8mb4 COLLATE=utf8mb4_unicode_ci;
/*!40101 SET character_set_client = @saved_cs_client */;

--
-- Dumping data for table `sessions`
--

LOCK TABLES `sessions` WRITE;
/*!40000 ALTER TABLE `sessions` DISABLE KEYS */;
/*!40000 ALTER TABLE `sessions` ENABLE KEYS */;
UNLOCK TABLES;

--
-- Table structure for table `users`
--

DROP TABLE IF EXISTS `users`;
/*!40101 SET @saved_cs_client     = @@character_set_client */;
/*!40101 SET character_set_client = utf8mb4 */;
CREATE TABLE `users` (
  `id` bigint(20) unsigned NOT NULL AUTO_INCREMENT,
  `name` varchar(255) NOT NULL,
  `email` varchar(255) NOT NULL,
  `email_verified_at` timestamp NULL DEFAULT NULL,
  `password` varchar(255) NOT NULL,
  `remember_token` varchar(100) DEFAULT NULL,
  `created_at` timestamp NULL DEFAULT NULL,
  `updated_at` timestamp NULL DEFAULT NULL,
  PRIMARY KEY (`id`),
  UNIQUE KEY `users_email_unique` (`email`)
) ENGINE=InnoDB DEFAULT CHARSET=utf8mb4 COLLATE=utf8mb4_unicode_ci;
/*!40101 SET character_set_client = @saved_cs_client */;

--
-- Dumping data for table `users`
--

LOCK TABLES `users` WRITE;
/*!40000 ALTER TABLE `users` DISABLE KEYS */;
/*!40000 ALTER TABLE `users` ENABLE KEYS */;
UNLOCK TABLES;

--
-- Table structure for table `usuarios`
--

DROP TABLE IF EXISTS `usuarios`;
/*!40101 SET @saved_cs_client     = @@character_set_client */;
/*!40101 SET character_set_client = utf8mb4 */;
CREATE TABLE `usuarios` (
  `id` bigint(20) unsigned NOT NULL AUTO_INCREMENT,
  `nombre_apellido` varchar(100) NOT NULL,
  `email` varchar(255) NOT NULL,
  `telefono` varchar(20) DEFAULT NULL,
  `password` varchar(255) NOT NULL,
  `rol_id` bigint(20) unsigned NOT NULL,
  `remember_token` varchar(100) DEFAULT NULL,
  `created_at` timestamp NULL DEFAULT NULL,
  `updated_at` timestamp NULL DEFAULT NULL,
  `deleted_at` timestamp NULL DEFAULT NULL,
  PRIMARY KEY (`id`),
  UNIQUE KEY `usuarios_email_unique` (`email`),
  KEY `usuarios_rol_id_foreign` (`rol_id`),
  CONSTRAINT `usuarios_rol_id_foreign` FOREIGN KEY (`rol_id`) REFERENCES `roles` (`id`)
) ENGINE=InnoDB AUTO_INCREMENT=8 DEFAULT CHARSET=utf8mb4 COLLATE=utf8mb4_unicode_ci;
/*!40101 SET character_set_client = @saved_cs_client */;

--
-- Dumping data for table `usuarios`
--

LOCK TABLES `usuarios` WRITE;
/*!40000 ALTER TABLE `usuarios` DISABLE KEYS */;
INSERT INTO `usuarios` VALUES
(5,'solangeBeni','beniwen0@gmail.com','37945586','$2y$12$ygSu6OXbHgzgb5LkUI5cveYo55859k1234yqy2pxUVjLXOt9Mlxhe',1,NULL,'2026-06-05 01:37:00','2026-06-05 01:37:00',NULL),
(6,'Ramon Gomez','ramon@gmail.com','3795896321','$2y$12$s186CWyX8G9Eic7EGSgKrOMbkZkICGBb2jel8tmWDF9owi1bFc53.',2,NULL,'2026-06-05 21:10:40','2026-06-05 21:10:40',NULL),
(7,'Rocio Aranda','arandarocio1@gmail.com','12345','$2y$12$/35nUAYJKAkVwX/K4Ek1Eu5Tp.ffYnIfqo6z7rR7xnb2eGKPcJ3F6',2,NULL,'2026-06-18 03:48:04','2026-06-18 03:48:04',NULL);
/*!40000 ALTER TABLE `usuarios` ENABLE KEYS */;
UNLOCK TABLES;

--
-- Table structure for table `ventas_cabecera`
--

DROP TABLE IF EXISTS `ventas_cabecera`;
/*!40101 SET @saved_cs_client     = @@character_set_client */;
/*!40101 SET character_set_client = utf8mb4 */;
CREATE TABLE `ventas_cabecera` (
  `id` bigint(20) unsigned NOT NULL AUTO_INCREMENT,
  `fecha_venta` timestamp NULL DEFAULT NULL,
  `usuario_id` bigint(20) unsigned NOT NULL,
  `estado` varchar(255) NOT NULL DEFAULT 'carrito',
  `total` decimal(10,2) NOT NULL DEFAULT 0.00,
  `created_at` timestamp NULL DEFAULT NULL,
  `updated_at` timestamp NULL DEFAULT NULL,
  PRIMARY KEY (`id`),
  KEY `ventas_cabecera_usuario_id_foreign` (`usuario_id`),
  CONSTRAINT `ventas_cabecera_usuario_id_foreign` FOREIGN KEY (`usuario_id`) REFERENCES `usuarios` (`id`) ON DELETE CASCADE
) ENGINE=InnoDB AUTO_INCREMENT=4 DEFAULT CHARSET=utf8mb4 COLLATE=utf8mb4_unicode_ci;
/*!40101 SET character_set_client = @saved_cs_client */;

--
-- Dumping data for table `ventas_cabecera`
--

LOCK TABLES `ventas_cabecera` WRITE;
/*!40000 ALTER TABLE `ventas_cabecera` DISABLE KEYS */;
INSERT INTO `ventas_cabecera` VALUES
(1,'2026-06-18 04:39:42',7,'confirmado',45.00,'2026-06-18 03:48:10','2026-06-18 04:39:42'),
(2,'2026-06-18 04:55:08',7,'confirmado',45.00,'2026-06-18 04:55:00','2026-06-18 04:55:08'),
(3,'2026-06-18 06:36:49',7,'confirmado',0.00,'2026-06-18 04:55:13','2026-06-18 06:36:49');
/*!40000 ALTER TABLE `ventas_cabecera` ENABLE KEYS */;
UNLOCK TABLES;

--
-- Table structure for table `ventas_detalle`
--

DROP TABLE IF EXISTS `ventas_detalle`;
/*!40101 SET @saved_cs_client     = @@character_set_client */;
/*!40101 SET character_set_client = utf8mb4 */;
CREATE TABLE `ventas_detalle` (
  `id` bigint(20) unsigned NOT NULL AUTO_INCREMENT,
  `venta_id` bigint(20) unsigned NOT NULL,
  `producto_id` bigint(20) unsigned NOT NULL,
  `cantidad` int(11) NOT NULL,
  `precio_unitario` decimal(10,2) NOT NULL,
  `subtotal` decimal(10,2) NOT NULL,
  `created_at` timestamp NULL DEFAULT NULL,
  `updated_at` timestamp NULL DEFAULT NULL,
  PRIMARY KEY (`id`),
  KEY `ventas_detalle_venta_id_foreign` (`venta_id`),
  KEY `ventas_detalle_producto_id_foreign` (`producto_id`),
  CONSTRAINT `ventas_detalle_producto_id_foreign` FOREIGN KEY (`producto_id`) REFERENCES `productos` (`id`),
  CONSTRAINT `ventas_detalle_venta_id_foreign` FOREIGN KEY (`venta_id`) REFERENCES `ventas_cabecera` (`id`) ON DELETE CASCADE
) ENGINE=InnoDB AUTO_INCREMENT=4 DEFAULT CHARSET=utf8mb4 COLLATE=utf8mb4_unicode_ci;
/*!40101 SET character_set_client = @saved_cs_client */;

--
-- Dumping data for table `ventas_detalle`
--

LOCK TABLES `ventas_detalle` WRITE;
/*!40000 ALTER TABLE `ventas_detalle` DISABLE KEYS */;
INSERT INTO `ventas_detalle` VALUES
(1,1,1,1,45.00,45.00,'2026-06-18 04:39:36','2026-06-18 04:39:36'),
(2,2,1,1,45.00,45.00,'2026-06-18 04:55:04','2026-06-18 04:55:04'),
(3,3,1,1,45000.00,45000.00,'2026-06-18 06:26:02','2026-06-18 06:26:02');
/*!40000 ALTER TABLE `ventas_detalle` ENABLE KEYS */;
UNLOCK TABLES;

--
-- Dumping routines for database 'grupo15'
--
/*!40103 SET TIME_ZONE=@OLD_TIME_ZONE */;

/*!40101 SET SQL_MODE=@OLD_SQL_MODE */;
/*!40014 SET FOREIGN_KEY_CHECKS=@OLD_FOREIGN_KEY_CHECKS */;
/*!40014 SET UNIQUE_CHECKS=@OLD_UNIQUE_CHECKS */;
/*!40101 SET CHARACTER_SET_CLIENT=@OLD_CHARACTER_SET_CLIENT */;
/*!40101 SET CHARACTER_SET_RESULTS=@OLD_CHARACTER_SET_RESULTS */;
/*!40101 SET COLLATION_CONNECTION=@OLD_COLLATION_CONNECTION */;
/*M!100616 SET NOTE_VERBOSITY=@OLD_NOTE_VERBOSITY */;

-- Dump completed on 2026-06-18  1:04:05
